name,id,instance_name,source_name,guild_note,prio_note,officer_note,tier,tier_label,created_at,updated_at
"Ataraxis, Cudgel of the Warmaster",78445,"Dragon Soul Heroic","Warmaster Blackhorn",,,,,,,
"Backbreaker Spaulders",78465,"Dragon Soul Heroic","Spine of Deathwing",,,,,,,
"Belt of Flayed Skin",78388,"Dragon Soul Heroic","Warlord Zon'ozz",,,,,,,
"Belt of Ghostly Graces",78886,"Dragon Soul Heroic",Trash,,,,,,,
"Belt of Shattered Elementium",78463,"Dragon Soul Heroic","Spine of Deathwing",,,,,,,
"Belt of the Beloved Companion",78447,"Dragon Soul Heroic","Warmaster Blackhorn",,,,,,,
"Blackhorn's Mighty Bulwark",78448,"Dragon Soul Heroic","Warmaster Blackhorn",,,,,,,
"Blade of the Unmaker",78474,"Dragon Soul Heroic",Deathwing,,,,,,,
"Bone-Link Fetish",78002,"Dragon Soul Heroic",Shared,,,,,,,
"Bracers of Looming Darkness",78430,"Dragon Soul Heroic",Ultraxion,,,,,,,
"Bracers of the Banished",78417,"Dragon Soul Heroic",Hagara,,,,,,,
"Brackenshell Shoulderplates",78367,"Dragon Soul Heroic",Morchok,,,,,,,
"Breathstealer Band",78492,"Dragon Soul Heroic",Shared,,,,,,,
"Chest of the Corrupted Conqueror",78847,"Dragon Soul Heroic",Ultraxion,,,,,,,
"Chest of the Corrupted Protector",78848,"Dragon Soul Heroic",Ultraxion,,,,,,,
"Chest of the Corrupted Vanquisher",78849,"Dragon Soul Heroic",Ultraxion,,,,,,,
"Cord of the Slain Champion",78391,"Dragon Soul Heroic","Warlord Zon'ozz",,,,,,,
"Creche of the Final Dragon",77992,"Dragon Soul Heroic",Ultraxion,,,,,,,
"Crown of the Corrupted Conqueror",78850,"Dragon Soul Heroic","Warmaster Blackhorn",,,,,,,
"Crown of the Corrupted Protector",78851,"Dragon Soul Heroic","Warmaster Blackhorn",,,,,,,
"Crown of the Corrupted Vanquisher",78852,"Dragon Soul Heroic","Warmaster Blackhorn",,,,,,,
"Cunning of the Cruel",78000,"Dragon Soul Heroic",Shared,,,,,,,
"Curled Twilight Claw",78432,"Dragon Soul Heroic",Ultraxion,,,,,,,
"Dragoncarver Belt",78885,"Dragon Soul Heroic",Trash,,,,,,,
"Dragonfire Orb",77938,"Dragon Soul Heroic",Trash,,,,,,,
"Dragonfracture Belt",78436,"Dragon Soul Heroic",Ultraxion,,,,,,,
"Electrowing Dagger",78414,"Dragon Soul Heroic",Hagara,,,,,,,
"Elementium Gem Cluster",77952,"Dragon Soul Heroic",Shared,,,,,,,
"Essence of Destruction",71998,"Dragon Soul Heroic",Shared,,,,,,,
"Experiment 12-B",78919,"Dragon Soul Heroic",Ultraxion,,,,,,,
"Experimental Specimen Slicer",78403,"Dragon Soul Heroic",Yor'sahj,,,,,,,
"Eye of Unmaking",77997,"Dragon Soul Heroic","Spine of Deathwing",,,,,,,
"Finger of Zon'ozz",78392,"Dragon Soul Heroic","Warlord Zon'ozz",,,,,,,
"Gauntlets of the Corrupted Conqueror",78853,"Dragon Soul Heroic","Warlord Zon'ozz",,,,,,,
"Gauntlets of the Corrupted Protector",78854,"Dragon Soul Heroic","Warlord Zon'ozz",,,,,,,
"Gauntlets of the Corrupted Vanquisher",78855,"Dragon Soul Heroic","Warlord Zon'ozz",,,,,,,
"Gauntlets of the Golden Thorn",78464,"Dragon Soul Heroic","Spine of Deathwing",,,,,,,
"Girdle of Fungal Dreams",78884,"Dragon Soul Heroic",Trash,,,,,,,
"Girdle of Shattered Stone",78370,"Dragon Soul Heroic",Morchok,,,,,,,
"Girdle of Soulful Mending",78887,"Dragon Soul Heroic",Trash,,,,,,,
"Girdle of the Grotesque",78420,"Dragon Soul Heroic",Hagara,,,,,,,
"Gloves of Liquid Smoke",78461,"Dragon Soul Heroic","Spine of Deathwing",,,,,,,
"Goriona's Collar",78452,"Dragon Soul Heroic","Warmaster Blackhorn",,,,,,,
"Graveheart Bracers",78390,"Dragon Soul Heroic","Warlord Zon'ozz",,,,,,,
"Grotesquely Writhing Bracers",78393,"Dragon Soul Heroic","Warlord Zon'ozz",,,,,,,
"Gurthalak, Voice of the Deeps",78478,"Dragon Soul Heroic",Deathwing,,,,,,,
"Hand of Morchok",78371,"Dragon Soul Heroic",Morchok,,,,,,,
"Hardheart Ring",78493,"Dragon Soul Heroic",Shared,,,,,,,
"Heart of Unliving",77996,"Dragon Soul Heroic","Spine of Deathwing",,,,,,,
"Heartblood Wristplates",78406,"Dragon Soul Heroic",Yor'sahj,,,,,,,
"Horrifying Horn Arbalest",78387,"Dragon Soul Heroic","Warlord Zon'ozz",,,,,,,
"Imperfect Specimens 27 and 28",78435,"Dragon Soul Heroic",Ultraxion,,,,,,,
"Indomitable Pride",78003,"Dragon Soul Heroic",Shared,,,,,,,
"Infinite Loop",78490,"Dragon Soul Heroic",Shared,,,,,,,
"Insignia of the Corrupted Mind",77991,"Dragon Soul Heroic",Yor'sahj,,,,,,,
"Interrogator's Bloody Footpads",78402,"Dragon Soul Heroic",Yor'sahj,,,,,,,
"Janglespur Jackboots",78449,"Dragon Soul Heroic","Warmaster Blackhorn",,,,,,,
"Kiril, Fury of Beasts",78473,"Dragon Soul Heroic",Deathwing,,,,,,,
"Ledger of Revolting Rituals",78433,"Dragon Soul Heroic",Ultraxion,,,,,,,
"Leggings of the Corrupted Conqueror",78856,"Dragon Soul Heroic",Yor'sahj,,,,,,,
"Leggings of the Corrupted Protector",78857,"Dragon Soul Heroic",Yor'sahj,,,,,,,
"Leggings of the Corrupted Vanquisher",78858,"Dragon Soul Heroic",Yor'sahj,,,,,,,
"Life-Binder's Handmaiden",77069,"Dragon Soul Heroic",Deathwing,,,,,,,
"Lightning Rod",78418,"Dragon Soul Heroic",Hagara,,,,,,,
"Maw of the Dragonlord",78476,"Dragon Soul Heroic",Deathwing,,,,,,,
"Mindstrainer Treads",78405,"Dragon Soul Heroic",Yor'sahj,,,,,,,
"Molten Blood Footpads",78462,"Dragon Soul Heroic","Spine of Deathwing",,,,,,,
"Morningstar of Heroic Will",78429,"Dragon Soul Heroic",Ultraxion,,,,,,,
"Mosswrought Shoulderguards",78366,"Dragon Soul Heroic",Morchok,,,,,,,
"Mycosynth Wristguards",78372,"Dragon Soul Heroic",Morchok,,,,,,,
"Nightblind Cinch",78882,"Dragon Soul Heroic",Trash,,,,,,,
"No'Kaled, the Elements of Death",78472,"Dragon Soul Heroic",Deathwing,,,,,,,
"Pattern: Bladeshadow Leggings",72006,"Dragon Soul Heroic",Recipes,,,,,,,
"Pattern: Bladeshadow Wristguards",72010,"Dragon Soul Heroic",Recipes,,,,,,,
"Pattern: Bracers of Flowing Serenity",72008,"Dragon Soul Heroic",Recipes,,,,,,,
"Pattern: Bracers of the Hunter-Killer",72011,"Dragon Soul Heroic",Recipes,,,,,,,
"Pattern: Bracers of Unconquered Power",72004,"Dragon Soul Heroic",Recipes,,,,,,,
"Pattern: Deathscale Leggings",72005,"Dragon Soul Heroic",Recipes,,,,,,,
"Pattern: Dreamwraps of the Light",72003,"Dragon Soul Heroic",Recipes,,,,,,,
"Pattern: Lavaquake Legwraps",72002,"Dragon Soul Heroic",Recipes,,,,,,,
"Pattern: Leggings of Nature's Champion",71999,"Dragon Soul Heroic",Recipes,,,,,,,
"Pattern: Rended Earth Leggings",72007,"Dragon Soul Heroic",Recipes,,,,,,,
"Pattern: Thundering Deathscale Wristguards",72009,"Dragon Soul Heroic",Recipes,,,,,,,
"Pattern: World Mender's Pants",72000,"Dragon Soul Heroic",Recipes,,,,,,,
"Petrified Fungal Heart",78364,"Dragon Soul Heroic",Morchok,,,,,,,
"Pillarfoot Greaves",78361,"Dragon Soul Heroic",Morchok,,,,,,,
"Plans: Bracers of Destructive Strength",72015,"Dragon Soul Heroic",Recipes,,,,,,,
"Plans: Foundations of Courage",72013,"Dragon Soul Heroic",Recipes,,,,,,,
"Plans: Pyrium Legplates of Purified Evil",72001,"Dragon Soul Heroic",Recipes,,,,,,,
"Plans: Soul Redeemer Bracers",72014,"Dragon Soul Heroic",Recipes,,,,,,,
"Plans: Titanguard Wristplates",72016,"Dragon Soul Heroic",Recipes,,,,,,,
"Plans: Unstoppable Destroyer's Legplates",72012,"Dragon Soul Heroic",Recipes,,,,,,,
"Rathrak, the Poisonous Mind",78475,"Dragon Soul Heroic",Deathwing,,,,,,,
"Reins of the Blazing Drake",77067,"Dragon Soul Heroic",Deathwing,,,,,,,
"Resolve of Undying",77998,"Dragon Soul Heroic","Spine of Deathwing",,,,,,,
"Ring of the Riven",78419,"Dragon Soul Heroic",Hagara,,,,,,,
"Robe of Glowing Stone",78365,"Dragon Soul Heroic",Morchok,,,,,,,
"Rockhide Bracers",78373,"Dragon Soul Heroic",Morchok,,,,,,,
"Ruinblaster Shotgun",77192,"Dragon Soul Heroic",Trash,,,,,,,
"Runescriven Demon Collar",78416,"Dragon Soul Heroic",Hagara,,,,,,,
"Sash of Relentless Truth",78879,"Dragon Soul Heroic",Trash,,,,,,,
"Scalpel of Unrelenting Agony",78404,"Dragon Soul Heroic",Yor'sahj,,,,,,,
"Seal of Primordial Shadow",78489,"Dragon Soul Heroic",Shared,,,,,,,
"Seal of the Seven Signs",77989,"Dragon Soul Heroic","Warlord Zon'ozz",,,,,,,
"Shadow Wing Armbands",78446,"Dragon Soul Heroic","Warmaster Blackhorn",,,,,,,
"Shoulders of the Corrupted Conqueror",78859,"Dragon Soul Heroic",Hagara,,,,,,,
"Shoulders of the Corrupted Protector",78860,"Dragon Soul Heroic",Hagara,,,,,,,
"Shoulders of the Corrupted Vanquisher",78861,"Dragon Soul Heroic",Hagara,,,,,,,
"Signet of Grasping Mouths",78413,"Dragon Soul Heroic",Hagara,,,,,,,
"Signet of Suturing",78491,"Dragon Soul Heroic",Shared,,,,,,,
Souldrinker,78479,"Dragon Soul Heroic",Deathwing,,,,,,,
"Soulshifter Vortex",77990,"Dragon Soul Heroic",Yor'sahj,,,,,,,
"Spine of the Thousand Cuts",78878,"Dragon Soul Heroic",Trash,,,,,,,
"Spire of Coagulated Globules",78401,"Dragon Soul Heroic",Yor'sahj,,,,,,,
"Sporebeard Gauntlets",78362,"Dragon Soul Heroic",Morchok,,,,,,,
"Starcatcher Compass",77993,"Dragon Soul Heroic","Warmaster Blackhorn",,,,,,,
"Stillheart Warboots",78431,"Dragon Soul Heroic",Ultraxion,,,,,,,
"Ti'tahk, the Steps of Time",78477,"Dragon Soul Heroic",Deathwing,,,,,,,
"Timepiece of the Bronze Flight",78450,"Dragon Soul Heroic","Warmaster Blackhorn",,,,,,,
"Treads of Crushed Flesh",78389,"Dragon Soul Heroic","Warlord Zon'ozz",,,,,,,
"Treads of Dormant Dreams",78415,"Dragon Soul Heroic",Hagara,,,,,,,
"Treads of Sordid Screams",78434,"Dragon Soul Heroic",Ultraxion,,,,,,,
"Underdweller's Spaulders",78368,"Dragon Soul Heroic",Morchok,,,,,,,
"Vagaries of Time",78363,"Dragon Soul Heroic",Morchok,,,,,,,
"Vial of Shadows",77999,"Dragon Soul Heroic",Shared,,,,,,,
"Visage of the Destroyer",78451,"Dragon Soul Heroic","Warmaster Blackhorn",,,,,,,
"Vishanka, Jaws of the Earth",78471,"Dragon Soul Heroic",Deathwing,,,,,,,
"Waistguard of Bleeding Bone",78888,"Dragon Soul Heroic",Trash,,,,,,,
"Waistplate of the Desecrated Future",78889,"Dragon Soul Heroic",Trash,,,,,,,
"Will of Unbinding",77995,"Dragon Soul Heroic","Spine of Deathwing",,,,,,,
"Windward Heart",78001,"Dragon Soul Heroic",Shared,,,,,,,
"Wrath of Unchaining",77994,"Dragon Soul Heroic","Spine of Deathwing",,,,,,,
"Alysra's Razor",71427,"Firelands Heroic",Alysrazor,,,,,,,
"Alysrazor's Band",71433,"Firelands Heroic",Alysrazor,,,,,,,
"Apparatus of Khaz'goroth",68972,"Firelands Heroic",Trash,,,,,,,
"Arachnaflame Treads",71404,"Firelands Heroic",Beth'tilac,,,,,,,
"Arathar, the Eye of Flame",71611,"Firelands Heroic",Ragnaros,,,,,,,
"Arbalest of Erupting Fury",71414,"Firelands Heroic","Lord Rhyolith",,,,,,,
"Avool's Incendiary Shanker",71778,"Firelands Heroic",Shared,,,,,,,
"Bracers of the Dread Hunter",71452,"Firelands Heroic",Shannox,,,,,,,
"Bracers of the Fiery Path",71470,"Firelands Heroic","Majordomo Staghelm",,,,,,,
"Breastplate of Shifting Visions",71469,"Firelands Heroic","Majordomo Staghelm",,,,,,,
"Breastplate of the Incendiary Soul",71455,"Firelands Heroic",Baleroc,,,,,,,
"Carapace of Imbibed Flame",71405,"Firelands Heroic",Beth'tilac,,,,,,,
"Casque of Flame",71465,"Firelands Heroic",Baleroc,,,,,,,
"Chelley's Sterilized Scalpel",71359,"Firelands Heroic",Trash,,,,,,,
"Choker of the Vanquished Lord",71610,"Firelands Heroic",Ragnaros,,,,,,,
"Cindersilk Gloves",71410,"Firelands Heroic",Beth'tilac,,,,,,,
"Cinderweb Leggings",71402,"Firelands Heroic",Beth'tilac,,,,,,,
"Clawshaper Gauntlets",71437,"Firelands Heroic",Alysrazor,,,,,,,
"Clutch of the Firemother",71439,"Firelands Heroic",Alysrazor,,,,,,,
"Coalwalker Sandals",71447,"Firelands Heroic",Shannox,,,,,,,
"Cowl of the Clicking Menace",71411,"Firelands Heroic",Beth'tilac,,,,,,,
"Cracked Obsidian Stompers",71420,"Firelands Heroic","Lord Rhyolith",,,,,,,
"Craterflame Spaulders",71438,"Firelands Heroic",Alysrazor,,,,,,,
"Crown of Flame",71616,"Firelands Heroic",Ragnaros,,,,,,,
"Crown of the Fiery Conqueror",71677,"Firelands Heroic",Ragnaros,,,,,,,
"Crown of the Fiery Protector",71684,"Firelands Heroic",Ragnaros,,,,,,,
"Crown of the Fiery Vanquisher",71670,"Firelands Heroic",Ragnaros,,,,,,,
"Crystal Prison Band",71449,"Firelands Heroic",Shannox,,,,,,,
"Crystallized Firestone",71617,"Firelands Heroic",Shared,,,,,,,
"Decimation Treads",71457,"Firelands Heroic",Baleroc,,,,,,,
"Dreadfire Drape",71415,"Firelands Heroic","Lord Rhyolith",,,,,,,
"Earthcrack Bracers",71418,"Firelands Heroic","Lord Rhyolith",,,,,,,
"Entrail Disgorger",71786,"Firelands Heroic",Shared,,,,,,,
"Eternal Ember",71141,"Firelands Heroic",Shared,,,,,,,
"Eye of Blazing Power",69149,"Firelands Heroic",Alysrazor,,,,,,,
"Eye of Purification",71777,"Firelands Heroic",Shared,,,,,,,
"Fandral's Flamescythe",71466,"Firelands Heroic","Majordomo Staghelm",,,,,,,
"Feeding Frenzy",71441,"Firelands Heroic",Shannox,,,,,,,
"Fingers of Incineration",71614,"Firelands Heroic",Ragnaros,,,,,,,
"Firebound Gorget",70929,"Firelands Heroic",Trash,,,,,,,
"Firecat Leggings",71474,"Firelands Heroic","Majordomo Staghelm",,,,,,,
"Fireskin Gauntlets",71419,"Firelands Heroic","Lord Rhyolith",,,,,,,
"Firethorn Mindslicer",71784,"Firelands Heroic",Shared,,,,,,,
"Flametalon of Alysrazor",71665,"Firelands Heroic",Alysrazor,,,,,,,
"Flaming Core Chestguard",71417,"Firelands Heroic","Lord Rhyolith",,,,,,,
"Flickering Cowl",71421,"Firelands Heroic","Lord Rhyolith",,,,,,,
"Flickering Handguards",71458,"Firelands Heroic",Baleroc,,,,,,,
"Flickering Shoulderpads",71450,"Firelands Heroic",Shannox,,,,,,,
"Flickering Shoulders",71403,"Firelands Heroic",Beth'tilac,,,,,,,
"Flickering Wristbands",71428,"Firelands Heroic",Alysrazor,,,,,,,
"Flowform Choker",71472,"Firelands Heroic","Majordomo Staghelm",,,,,,,
"Funeral Pyre",71409,"Firelands Heroic",Beth'tilac,,,,,,,
Gatecrasher,71454,"Firelands Heroic",Baleroc,,,,,,,
"Gatekeeper's Embrace",71464,"Firelands Heroic",Baleroc,,,,,,,
"Gauntlets of the Fiery Protector",71683,"Firelands Heroic",Baleroc,,,,,,,
"Gauntlets of the Fiery Vanquisher",71669,"Firelands Heroic",Baleroc,,,,,,,
"Gloves of Dissolving Smoke",71440,"Firelands Heroic",Shannox,,,,,,,
"Glowing Wing Bracers",71463,"Firelands Heroic",Baleroc,,,,,,,
"Goblet of Anger",71448,"Firelands Heroic",Shannox,,,,,,,
"Greathelm of the Voracious Maw",71430,"Firelands Heroic",Alysrazor,,,,,,,
"Grips of the Raging Giant",71426,"Firelands Heroic","Lord Rhyolith",,,,,,,
"Grips of Unerring Precision",71468,"Firelands Heroic","Majordomo Staghelm",,,,,,,
"Heartstone of Rhyolith",71423,"Firelands Heroic","Lord Rhyolith",,,,,,,
"Helm of Blazing Glory",71459,"Firelands Heroic",Baleroc,,,,,,,
"Hide-Bound Chains",71365,"Firelands Heroic",Trash,,,,,,,
"Hood of Rampant Disdain",71416,"Firelands Heroic","Lord Rhyolith",,,,,,,
"Incendic Chestguard",71424,"Firelands Heroic","Lord Rhyolith",,,,,,,
"Jaws of Defeat",69111,"Firelands Heroic","Majordomo Staghelm",,,,,,,
"Ko'gun, Hammer of the Firelord",71615,"Firelands Heroic",Ragnaros,,,,,,,
"Lava Bolt Crossbow",71366,"Firelands Heroic",Trash,,,,,,,
"Lava Line Wristbands",71425,"Firelands Heroic","Lord Rhyolith",,,,,,,
"Lavaworm Legplates",71431,"Firelands Heroic",Alysrazor,,,,,,,
"Leggings of Billowing Fire",71435,"Firelands Heroic",Alysrazor,,,,,,,
"Leggings of the Fiery Conqueror",71678,"Firelands Heroic",Shannox,,,,,,,
"Leggings of the Fiery Protector",71685,"Firelands Heroic",Shannox,,,,,,,
"Leggings of the Fiery Vanquisher",71671,"Firelands Heroic",Shannox,,,,,,,
"Legplates of Absolute Control",71453,"Firelands Heroic",Shannox,,,,,,,
"Legplates of Frenzied Devotion",71444,"Firelands Heroic",Shannox,,,,,,,
"Living Ember",69237,"Firelands Heroic",Shared,,,,,,,
"Majordomo's Chain of Office",71613,"Firelands Heroic",Ragnaros,,,,,,,
"Mandible of Beth'tilac",71406,"Firelands Heroic",Beth'tilac,,,,,,,
"Mantle of Closed Doors",71461,"Firelands Heroic",Baleroc,,,,,,,
"Matrix Restabilizer",69150,"Firelands Heroic",Ragnaros,,,,,,,
"Molten Scream",71462,"Firelands Heroic",Baleroc,,,,,,,
"Moltenfeather Leggings",71429,"Firelands Heroic",Alysrazor,,,,,,,
"Necklace of Fetishes",71446,"Firelands Heroic",Shannox,,,,,,,
"Necromantic Focus",69139,"Firelands Heroic",Baleroc,,,,,,,
"Obsidium Cleaver",71362,"Firelands Heroic",Trash,,,,,,,
"Pattern: Boots of the Black Flame",69976,"Firelands Heroic",Recipes,,,,,,,
"Pattern: Clutches of Evil",69962,"Firelands Heroic",Recipes,,,,,,,
"Pattern: Don Tayo's Inferno Mittens",69966,"Firelands Heroic",Recipes,,,,,,,
"Pattern: Dragonfire Gloves",69960,"Firelands Heroic",Recipes,,,,,,,
"Pattern: Earthen Scale Sabatons",69971,"Firelands Heroic",Recipes,,,,,,,
"Pattern: Endless Dream Walkers",69975,"Firelands Heroic",Recipes,,,,,,,
"Pattern: Ethereal Footfalls",69974,"Firelands Heroic",Recipes,,,,,,,
"Pattern: Footwraps of Quenched Fire",69972,"Firelands Heroic",Recipes,,,,,,,
"Pattern: Gloves of Unforgiving Flame",69961,"Firelands Heroic",Recipes,,,,,,,
"Pattern: Grips of Altered Reality",69965,"Firelands Heroic",Recipes,,,,,,,
"Pattern: Heavenly Gloves of the Moon",69963,"Firelands Heroic",Recipes,,,,,,,
"Pattern: Treads of the Craft",69973,"Firelands Heroic",Recipes,,,,,,,
"Pauldrons of Roaring Flame",71612,"Firelands Heroic",Ragnaros,,,,,,,
"Phoenix-Down Treads",71436,"Firelands Heroic",Alysrazor,,,,,,,
"Plans: Emberforged Elementium Boots",69970,"Firelands Heroic",Recipes,,,,,,,
"Plans: Eternal Elementium Handguards",69958,"Firelands Heroic",Recipes,,,,,,,
"Plans: Fists of Fury",69957,"Firelands Heroic",Recipes,,,,,,,
"Plans: Holy Flame Gauntlets",69959,"Firelands Heroic",Recipes,,,,,,,
"Plans: Mirrored Boots",69969,"Firelands Heroic",Recipes,,,,,,,
"Plans: Warboots of Mighty Lords",69968,"Firelands Heroic",Recipes,,,,,,,
"Ranseur of Hatred",71361,"Firelands Heroic",Trash,,,,,,,
"Riplimb's Lost Collar",71640,"Firelands Heroic",Trash,,,,,,,
"Robes of Smoldering Devastation",71407,"Firelands Heroic",Beth'tilac,,,,,,,
"Sandals of Leaping Coals",71467,"Firelands Heroic","Majordomo Staghelm",,,,,,,
"Scales of Life",68915,"Firelands Heroic",Trash,,,,,,,
"Scalp of the Bandit Prince",71442,"Firelands Heroic",Shannox,,,,,,,
"Seething Cinder",69815,"Firelands Heroic",Shared,,,,,,,
"Shard of Torment",71460,"Firelands Heroic",Baleroc,,,,,,,
"Shatterskull Bonecrusher",71783,"Firelands Heroic",Shared,,,,,,,
"Sho'ravon, Greatstaff of Annihilation",71797,"Firelands Heroic",Ragnaros,,,,,,,
"Shoulderpads of the Forgotten Gate",71456,"Firelands Heroic",Baleroc,,,,,,,
"Shoulders of the Fiery Conqueror",71680,"Firelands Heroic","Majordomo Staghelm",,,,,,,
"Shoulders of the Fiery Vanquisher",71673,"Firelands Heroic","Majordomo Staghelm",,,,,,,
"Skullstealer Greataxe",71445,"Firelands Heroic",Shannox,,,,,,,
"Smoldering Censer of Purity",71774,"Firelands Heroic",Shared,,,,,,,
"Smoldering Egg of Millagazor",69224,"Firelands Heroic",Ragnaros,,,,,,,
"Spaulders of Manifold Eyes",71413,"Firelands Heroic",Beth'tilac,,,,,,,
"Spaulders of Recurring Flame",71432,"Firelands Heroic",Alysrazor,,,,,,,
"Spidersilk Spindle",69138,"Firelands Heroic",Beth'tilac,,,,,,,
"Spire of Scarlet Pain",71360,"Firelands Heroic",Trash,,,,,,,
"Stinger of the Flaming Scorpion",71473,"Firelands Heroic","Majordomo Staghelm",,,,,,,
"Sulfuras, The Extinguished Hand",70723,"Firelands Heroic",Ragnaros,,,,,,,
"The Hungerer",69112,"Firelands Heroic","Majordomo Staghelm",,,,,,,
"Theck's Emberseal",71367,"Firelands Heroic",Trash,,,,,,,
"Thoracic Flame Kilt",71412,"Firelands Heroic",Beth'tilac,,,,,,,
"Treads of Implicit Obedience",71451,"Firelands Heroic",Shannox,,,,,,,
"Treads of the Penitent Man",71475,"Firelands Heroic","Majordomo Staghelm",,,,,,,
"Uncrushable Belt of Fury",71443,"Firelands Heroic",Shannox,,,,,,,
"Variable Pulse Lightning Capacitor",69110,"Firelands Heroic",Ragnaros,,,,,,,
"Vessel of Acceleration",69167,"Firelands Heroic",Ragnaros,,,,,,,
Volcanospike,71422,"Firelands Heroic","Lord Rhyolith",,,,,,,
"Ward of the Red Widow",71408,"Firelands Heroic",Beth'tilac,,,,,,,
"Widow's Kiss",71401,"Firelands Heroic",Beth'tilac,,,,,,,
"Wings of Flame",71434,"Firelands Heroic",Alysrazor,,,,,,,
"Wristwraps of Arrogant Doom",71471,"Firelands Heroic","Majordomo Staghelm",,,,,,,
"Zoid's Firelit Greatsword",71781,"Firelands Heroic",Shared,,,,,,,
"Arion's Crown",65120,"The Bastion of Twilight Heroic","Ascendant Council",,,,,,,
"Battleplate of the Apocalypse",65131,"The Bastion of Twilight Heroic",Cho'gall,,,,,,,
"Belt of the Fallen Brood",60231,"The Bastion of Twilight Heroic",Sinestra,,,,,,,
"Bindings of Bleak Betrayal",60234,"The Bastion of Twilight Heroic",Sinestra,,,,,,,
"Blade of the Witching Hour",65091,"The Bastion of Twilight Heroic","Valiona & Theralion",,,,,,,
"Book of Binding Will",65133,"The Bastion of Twilight Heroic",Halfus,,,,,,,
"Boots of Az'galada",60235,"The Bastion of Twilight Heroic",Sinestra,,,,,,,
"Bracers of Impossible Strength",65143,"The Bastion of Twilight Heroic",Halfus,,,,,,,
"Bracers of the Bronze Flight",65138,"The Bastion of Twilight Heroic",Halfus,,,,,,,
"Bracers of the Dark Mother",60238,"The Bastion of Twilight Heroic",Sinestra,,,,,,,
"Bracers of the Dark Pool",65097,"The Bastion of Twilight Heroic",Trash,,,,,,,
"Bracers of the Mat'redor",60228,"The Bastion of Twilight Heroic",Sinestra,,,,,,,
"Caelestrasz's Will",60227,"The Bastion of Twilight Heroic",Sinestra,,,,,,,
"Chelley's Staff of Dark Mending",65102,"The Bastion of Twilight Heroic",Trash,,,,,,,
"Chest of the Forlorn Conqueror",67423,"The Bastion of Twilight Heroic",Halfus,,,,,,,
"Chest of the Forlorn Protector",67424,"The Bastion of Twilight Heroic",Halfus,,,,,,,
"Chest of the Forlorn Vanquisher",67425,"The Bastion of Twilight Heroic",Halfus,,,,,,,
"Coil of Ten-Thousand Screams",65132,"The Bastion of Twilight Heroic",Cho'gall,,,,,,,
"Crossfire Carbine",65098,"The Bastion of Twilight Heroic",Trash,,,,,,,
"Crown of the Twilight Queen",60237,"The Bastion of Twilight Heroic",Sinestra,,,,,,,
"Crushing Weight",65118,"The Bastion of Twilight Heroic","Ascendant Council",,,,,,,
"Dargonax's Signet",60226,"The Bastion of Twilight Heroic",Sinestra,,,,,,,
"Daybreaker Helm",65096,"The Bastion of Twilight Heroic","Valiona & Theralion",,,,,,,
"Dispersing Belt",65122,"The Bastion of Twilight Heroic","Ascendant Council",,,,,,,
"Dragonheart Piercer",65095,"The Bastion of Twilight Heroic","Valiona & Theralion",,,,,,,
"Drape of the Twins",65108,"The Bastion of Twilight Heroic","Valiona & Theralion",,,,,,,
"Essence of the Cyclone",65140,"The Bastion of Twilight Heroic",Halfus,,,,,,,
"Fall of Mortality",65124,"The Bastion of Twilight Heroic",Cho'gall,,,,,,,
"Fang of Twilight",65094,"The Bastion of Twilight Heroic","Valiona & Theralion",,,,,,,
"Feludius' Mantle",65114,"The Bastion of Twilight Heroic","Ascendant Council",,,,,,,
"Glaciated Helm",65115,"The Bastion of Twilight Heroic","Ascendant Council",,,,,,,
"Glittering Epidermis",65117,"The Bastion of Twilight Heroic","Ascendant Council",,,,,,,
"Gravitational Pull",65119,"The Bastion of Twilight Heroic","Ascendant Council",,,,,,,
"Hands of the Twilight Council",65126,"The Bastion of Twilight Heroic",Cho'gall,,,,,,,
"Heart of Ignacious",65110,"The Bastion of Twilight Heroic","Ascendant Council",,,,,,,
"Heaving Plates of Protection",65101,"The Bastion of Twilight Heroic",Trash,,,,,,,
"Helm of Eldritch Authority",65093,"The Bastion of Twilight Heroic","Valiona & Theralion",,,,,,,
"Helm of Maddening Whispers",65130,"The Bastion of Twilight Heroic",Cho'gall,,,,,,,
"Helm of the Nether Scion",65136,"The Bastion of Twilight Heroic",Halfus,,,,,,,
"Hydrolance Gloves",65113,"The Bastion of Twilight Heroic","Ascendant Council",,,,,,,
"Kilt of the Forgotten Battle",65125,"The Bastion of Twilight Heroic",Cho'gall,,,,,,,
"Legguards of the Emerald Brood",65137,"The Bastion of Twilight Heroic",Halfus,,,,,,,
Malevolence,65139,"The Bastion of Twilight Heroic",Halfus,,,,,,,
"Membrane of C'Thun",65129,"The Bastion of Twilight Heroic",Cho'gall,,,,,,,
"Necklace of Strife",65107,"The Bastion of Twilight Heroic","Valiona & Theralion",,,,,,,
"Nightmare Rider's Boots",60236,"The Bastion of Twilight Heroic",Sinestra,,,,,,,
"Pauldrons of the Great Ettin",65142,"The Bastion of Twilight Heroic",Halfus,,,,,,,
"Phase-Twister Leggings",65100,"The Bastion of Twilight Heroic",Trash,,,,,,,
"Proto-Handler's Gauntlets",65141,"The Bastion of Twilight Heroic",Halfus,,,,,,,
"Ring of Rivalry",65106,"The Bastion of Twilight Heroic","Valiona & Theralion",,,,,,,
"Robes of the Burning Acolyte",65135,"The Bastion of Twilight Heroic",Halfus,,,,,,,
"Scepter of Ice",65111,"The Bastion of Twilight Heroic","Ascendant Council",,,,,,,
"Shackles of the End of Days",65127,"The Bastion of Twilight Heroic",Cho'gall,,,,,,,
"Shalug'doom, the Axe of Unmaking",65145,"The Bastion of Twilight Heroic",Cho'gall,,,,,,,
"Shard of Woe",60233,"The Bastion of Twilight Heroic",Sinestra,,,,,,,
"Shoulders of the Forlorn Conqueror",65088,"The Bastion of Twilight Heroic",Cho'gall,,,,,,,
"Shoulders of the Forlorn Protector",65087,"The Bastion of Twilight Heroic",Cho'gall,,,,,,,
"Shoulders of the Forlorn Vanquisher",65089,"The Bastion of Twilight Heroic",Cho'gall,,,,,,,
"Shroud of Endless Grief",60232,"The Bastion of Twilight Heroic",Sinestra,,,,,,,
"Signet of the Fifth Circle",65123,"The Bastion of Twilight Heroic",Cho'gall,,,,,,,
"Soul Blade",65103,"The Bastion of Twilight Heroic",Trash,,,,,,,
"Storm Rider's Boots",65144,"The Bastion of Twilight Heroic",Halfus,,,,,,,
"Terrastra's Legguards",65121,"The Bastion of Twilight Heroic","Ascendant Council",,,,,,,
"Theralion's Mirror",65105,"The Bastion of Twilight Heroic","Valiona & Theralion",,,,,,,
"Treads of Hideous Transformation",65128,"The Bastion of Twilight Heroic",Cho'gall,,,,,,,
"Treads of Liquid Ice",65116,"The Bastion of Twilight Heroic","Ascendant Council",,,,,,,
"Twilight Scale Leggings",60230,"The Bastion of Twilight Heroic",Sinestra,,,,,,,
"Twilight's Hammer",65090,"The Bastion of Twilight Heroic",Cho'gall,,,,,,,
"Uhn'agh Fash, the Darkest Betrayal",68600,"The Bastion of Twilight Heroic",Cho'gall,,,,,,,
"Unheeded Warning",59520,"The Bastion of Twilight Heroic",Trash,,,,,,,
"Chelley's Staff of Dark Mending",59525,"The Bastion of Twilight Heroic",Trash,,,,,,,
"Crossfire Carbine",60210,"The Bastion of Twilight Heroic",Trash,,,,,,,
"Valiona's Medallion",65112,"The Bastion of Twilight Heroic","Valiona & Theralion",,,,,,,
"Vial of Stolen Memories",65109,"The Bastion of Twilight Heroic","Valiona & Theralion",,,,,,,
"Waistguard of Hatred",65092,"The Bastion of Twilight Heroic","Valiona & Theralion",,,,,,,
"War-Torn Crushers",60229,"The Bastion of Twilight Heroic",Sinestra,,,,,,,
"Wyrmbreaker's Amulet",65134,"The Bastion of Twilight Heroic",Halfus,,,,,,,
"Mantle of the Forlorn Conqueror",64315,"The Bastion of Twilight Normal",Cho'gall,,,,,,,
"Mantle of the Forlorn Protector",64316,"The Bastion of Twilight Normal",Cho'gall,,,,,,,
"Mantle of the Forlorn Vanquisher",64314,"The Bastion of Twilight Normal",Cho'gall,,,,,,,
"Aberration's Leggings",65039,"Blackwing Descent Heroic",Maloriak,,,,,,,
"Akirus the Worm-Breaker",65007,"Blackwing Descent Heroic",Magmaw,,,,,,,
"Akmin-Kurai, Dominion's Shield",65023,"Blackwing Descent Heroic",Nefarian,,,,,,,
"Andoros, Fist of the Dragon King",65017,"Blackwing Descent Heroic",Nefarian,,,,,,,
"Battleplate of Ancient Kings",65062,"Blackwing Descent Heroic",Atramedes,,,,,,,
"Bell of Enraging Resonance",65053,"Blackwing Descent Heroic",Atramedes,,,,,,,
"Belt of Absolute Zero",65040,"Blackwing Descent Heroic",Maloriak,,,,,,,
"Belt of Arcane Storms",65034,"Blackwing Descent Heroic",Maloriak,,,,,,,
"Belt of the Blackhand",65022,"Blackwing Descent Heroic",Nefarian,,,,,,,
"Belt of the Nightmare",65057,"Blackwing Descent Heroic",Nefarian,,,,,,,
"Bile-O-Tron Nut",65070,"Blackwing Descent Heroic",Chimaeron,,,,,,,
"Boots of Vertigo",65063,"Blackwing Descent Heroic",Atramedes,,,,,,,
"Bracers of the Burningeye",65056,"Blackwing Descent Heroic",Atramedes,,,,,,,
"Brackish Gloves",65065,"Blackwing Descent Heroic",Chimaeron,,,,,,,
"Breastplate of Avenging Flame",65042,"Blackwing Descent Heroic",Magmaw,,,,,,,
"Burden of Mortality",65067,"Blackwing Descent Heroic",Chimaeron,,,,,,,
"Chaos Beast Bracers",65068,"Blackwing Descent Heroic",Chimaeron,,,,,,,
"Chimaeron Armguards",65028,"Blackwing Descent Heroic",Chimaeron,,,,,,,
"Circuit Design Breastplate",65004,"Blackwing Descent Heroic","Omnotron Defense",,,,,,,
"Claws of Agony",65005,"Blackwing Descent Heroic",Trash,,,,,,,
"Claws of Torment",65006,"Blackwing Descent Heroic",Trash,,,,,,,
"Cloak of Biting Chill",65035,"Blackwing Descent Heroic",Maloriak,,,,,,,
"Corehammer's Riveted Girdle",65011,"Blackwing Descent Heroic",Trash,,,,,,,
"Crown of Burning Waters",65020,"Blackwing Descent Heroic",Magmaw,,,,,,,
"Crown of the Forlorn Conqueror",65001,"Blackwing Descent Heroic",Nefarian,,,,,,,
"Crown of the Forlorn Protector",65000,"Blackwing Descent Heroic",Nefarian,,,,,,,
"Crown of the Forlorn Vanquisher",65002,"Blackwing Descent Heroic",Nefarian,,,,,,,
"Crul'korak, the Lightning's Arc",65024,"Blackwing Descent Heroic",Nefarian,,,,,,,
"Double Attack Handguards",65073,"Blackwing Descent Heroic",Chimaeron,,,,,,,
"Dragon Bone Warhelm",65038,"Blackwing Descent Heroic",Maloriak,,,,,,,
"Einhorn's Galoshes",65069,"Blackwing Descent Heroic",Chimaeron,,,,,,,
"Electron Inductor Coils",65085,"Blackwing Descent Heroic","Omnotron Defense",,,,,,,
"Finkle's Mixer Upper",65064,"Blackwing Descent Heroic",Chimaeron,,,,,,,
"Flame Pillar Leggings",65044,"Blackwing Descent Heroic",Magmaw,,,,,,,
"Flash Freeze Gauntlets",65031,"Blackwing Descent Heroic",Maloriak,,,,,,,
"Fury of Angerforge",59461,"Blackwing Descent Heroic",Trash,,,,,,,
"Gauntlets of the Forlorn Conqueror",67429,"Blackwing Descent Heroic",Magmaw,,,,,,,
"Gauntlets of the Forlorn Conqueror",67429,"Blackwing Descent Heroic",Atramedes,,,,,,,
"Gauntlets of the Forlorn Protector",67430,"Blackwing Descent Heroic",Magmaw,,,,,,,
"Gauntlets of the Forlorn Protector",67430,"Blackwing Descent Heroic",Atramedes,,,,,,,
"Gauntlets of the Forlorn Vanquisher",67431,"Blackwing Descent Heroic",Magmaw,,,,,,,
"Gauntlets of the Forlorn Vanquisher",67431,"Blackwing Descent Heroic",Atramedes,,,,,,,
"Gloves of Cacophony",65055,"Blackwing Descent Heroic",Atramedes,,,,,,,
"Heart of Rage",65072,"Blackwing Descent Heroic",Chimaeron,,,,,,,
"Helm of the Blind Seer",65066,"Blackwing Descent Heroic",Atramedes,,,,,,,
"Hide of Chromaggus",65009,"Blackwing Descent Heroic",Trash,,,,,,,
Incineratus,65041,"Blackwing Descent Heroic",Magmaw,,,,,,,
"Ironstar Amulet",65059,"Blackwing Descent Heroic",Atramedes,,,,,,,
"Ironstar's Impenetrable Cover",65010,"Blackwing Descent Heroic",Trash,,,,,,,
"Jar of Ancient Remedies",65029,"Blackwing Descent Heroic",Maloriak,,,,,,,
"Jumbotron Power Belt",65086,"Blackwing Descent Heroic","Omnotron Defense",,,,,,,
"Kingdom's Heart",65052,"Blackwing Descent Heroic",Atramedes,,,,,,,
"Lava Spine",65047,"Blackwing Descent Heroic",Magmaw,,,,,,,
"Leggings of Consuming Flames",65030,"Blackwing Descent Heroic",Maloriak,,,,,,,
"Leggings of Lethal Force",65049,"Blackwing Descent Heroic",Magmaw,,,,,,,
"Leggings of the Forlorn Conqueror",67428,"Blackwing Descent Heroic",Maloriak,,,,,,,
"Leggings of the Forlorn Protector",67427,"Blackwing Descent Heroic",Maloriak,,,,,,,
"Leggings of the Forlorn Vanquisher",67426,"Blackwing Descent Heroic",Maloriak,,,,,,,
"Legguards of the Unseeing",65061,"Blackwing Descent Heroic",Atramedes,,,,,,,
"Legwraps of the Greatest Son",65032,"Blackwing Descent Heroic",Maloriak,,,,,,,
"Life Force Chargers",65080,"Blackwing Descent Heroic","Omnotron Defense",,,,,,,
"Lifecycle Waistguard",65046,"Blackwing Descent Heroic",Magmaw,,,,,,,
"Lightning Conductor Band",65082,"Blackwing Descent Heroic","Omnotron Defense",,,,,,,
"Mace of Acrid Death",65036,"Blackwing Descent Heroic",Maloriak,,,,,,,
"Maimgor's Bite",65014,"Blackwing Descent Heroic",Trash,,,,,,,
"Maldo's Sword Cane",65013,"Blackwing Descent Heroic",Trash,,,,,,,
"Manacles of the Sleeping Beast",65021,"Blackwing Descent Heroic",Chimaeron,,,,,,,
"Mantle of Nefarius",65043,"Blackwing Descent Heroic",Nefarian,,,,,,,
"Mantle of Roaring Flames",65054,"Blackwing Descent Heroic",Atramedes,,,,,,,
"Massacre Treads",65075,"Blackwing Descent Heroic",Chimaeron,,,,,,,
"Molten Tantrum Boots",65051,"Blackwing Descent Heroic",Magmaw,,,,,,,
"Organic Lifeform Inverter",65081,"Blackwing Descent Heroic","Omnotron Defense",,,,,,,
"Parasitic Bands",65050,"Blackwing Descent Heroic",Magmaw,,,,,,,
"Passive Resistor Spaulders",65078,"Blackwing Descent Heroic","Omnotron Defense",,,,,,,
"Pauldrons of the Apocalypse",65027,"Blackwing Descent Heroic",Nefarian,,,,,,,
"Plated Fists of Provocation",65071,"Blackwing Descent Heroic",Chimaeron,,,,,,,
"Poison Protocol Pauldrons",65083,"Blackwing Descent Heroic","Omnotron Defense",,,,,,,
"Power Generator Hood",65077,"Blackwing Descent Heroic","Omnotron Defense",,,,,,,
"Prestor's Talisman of Machination",65026,"Blackwing Descent Heroic",Nefarian,,,,,,,
"Rage of Ages",65025,"Blackwing Descent Heroic",Nefarian,,,,,,,
"Reclaimed Ashkandi, Greatsword of the Brotherhood",65003,"Blackwing Descent Heroic",Nefarian,,,,,,,
"Sark of the Unwatched",65060,"Blackwing Descent Heroic",Atramedes,,,,,,,
Scaleslicer,68601,"Blackwing Descent Heroic",Trash,,,,,,,
"Scorched Wormling Vest",65045,"Blackwing Descent Heroic",Magmaw,,,,,,,
"Security Measure Alpha",65076,"Blackwing Descent Heroic","Omnotron Defense",,,,,,,
"Shadow of Dread",65018,"Blackwing Descent Heroic",Nefarian,,,,,,,
"Shadowblaze Robes",65019,"Blackwing Descent Heroic",Nefarian,,,,,,,
"Shadowforge's Lightbound Smock",65008,"Blackwing Descent Heroic",Trash,,,,,,,
"Spaulders of the Scarred Lady",65074,"Blackwing Descent Heroic",Nefarian,,,,,,,
"Symbiotic Worm",65048,"Blackwing Descent Heroic",Magmaw,,,,,,,
"Themios the Darkbringer",65058,"Blackwing Descent Heroic",Atramedes,,,,,,,
"Theresa's Booklight",65016,"Blackwing Descent Heroic",Trash,,,,,,,
"Treads of Flawless Creation",65033,"Blackwing Descent Heroic",Maloriak,,,,,,,
"Treads of Savage Beatings",65012,"Blackwing Descent Heroic",Trash,,,,,,,
"Dragonwreck Throwing Axe",68608,"Blackwing Descent Heroic",Trash,,,,,,,
"Lightning Conductor Band",59121,"Blackwing Descent Heroic",Trash,,,,,,,
"Theresa's Booklight",59460,"Blackwing Descent Heroic",Trash,,,,,,,
"Tunic of Failed Experiments",65037,"Blackwing Descent Heroic",Maloriak,,,,,,,
"Voltage Source Chestguard",65084,"Blackwing Descent Heroic","Omnotron Defense",,,,,,,
"X-Tron Duct Tape",65079,"Blackwing Descent Heroic","Omnotron Defense",,,,,,,
"Helm of the Forlorn Conqueror",63683,"Blackwing Descent Normal",Nefarian,,,,,,,
"Helm of the Forlorn Protector",63684,"Blackwing Descent Normal",Nefarian,,,,,,,
"Helm of the Forlorn Vanquisher",63682,"Blackwing Descent Normal",Nefarian,,,,,,,
"Cloudburst Cloak",69879,"Throne of the Four Winds Heroic",Al'Akir,,,,,,,
"Cloudburst Necklace",69885,"Throne of the Four Winds Heroic",Al'Akir,,,,,,,
"Cloudburst Ring",65382,"Throne of the Four Winds Heroic",Al'Akir,,,,,,,
"Crown of the Forlorn Conqueror",65001,"Throne of the Four Winds Heroic",Al'Akir,,,,,,,
"Crown of the Forlorn Protector",65000,"Throne of the Four Winds Heroic",Al'Akir,,,,,,,
"Crown of the Forlorn Vanquisher",65002,"Throne of the Four Winds Heroic",Al'Akir,,,,,,,
"Essence of the Forlorn",66998,"Throne of the Four Winds Heroic",Al'Akir,,,,,,,
"Gale Rouser Belt",65374,"Throne of the Four Winds Heroic","Conclave of Wind",,,,,,,
"Gale Rouser Leggings",65384,"Throne of the Four Winds Heroic",Al'Akir,,,,,,,
"Lightning Well Belt",65377,"Throne of the Four Winds Heroic","Conclave of Wind",,,,,,,
"Lightning Well Legguards",65386,"Throne of the Four Winds Heroic",Al'Akir,,,,,,,
"Mistral Circle",65367,"Throne of the Four Winds Heroic","Conclave of Wind",,,,,,,
"Mistral Drape",69884,"Throne of the Four Winds Heroic",Al'Akir,,,,,,,
"Mistral Pendant",69880,"Throne of the Four Winds Heroic",Al'Akir,,,,,,,
"Permafrost Cape",69878,"Throne of the Four Winds Heroic",Al'Akir,,,,,,,
"Permafrost Choker",69883,"Throne of the Four Winds Heroic",Al'Akir,,,,,,,
"Permafrost Signet",65372,"Throne of the Four Winds Heroic","Conclave of Wind",,,,,,,
"Planetary Amulet",69882,"Throne of the Four Winds Heroic",Al'Akir,,,,,,,
"Planetary Band",65373,"Throne of the Four Winds Heroic","Conclave of Wind",,,,,,,
"Planetary Drape",69881,"Throne of the Four Winds Heroic",Al'Akir,,,,,,,
"Reins of the Drake of the South Wind",63041,"Throne of the Four Winds Heroic",Al'Akir,,,,,,,
"Shoulders of the Forlorn Conqueror",65088,"Throne of the Four Winds Heroic",Al'Akir,,,,,,,
"Shoulders of the Forlorn Protector",65087,"Throne of the Four Winds Heroic",Al'Akir,,,,,,,
"Shoulders of the Forlorn Vanquisher",65089,"Throne of the Four Winds Heroic",Al'Akir,,,,,,,
"Sky Strider Belt",65369,"Throne of the Four Winds Heroic","Conclave of Wind",,,,,,,
"Sky Strider Greaves",65379,"Throne of the Four Winds Heroic",Al'Akir,,,,,,,
"Soul Breath Belt",65376,"Throne of the Four Winds Heroic","Conclave of Wind",,,,,,,
"Soul Breath Leggings",65383,"Throne of the Four Winds Heroic",Al'Akir,,,,,,,
"Star Chaser Belt",65368,"Throne of the Four Winds Heroic","Conclave of Wind",,,,,,,
"Star Chaser Legguards",65378,"Throne of the Four Winds Heroic",Al'Akir,,,,,,,
"Stormwake, the Tempest's Reach",68132,"Throne of the Four Winds Heroic",Al'Akir,,,,,,,
"Stormwake, the Tempest's Reach",68130,"Throne of the Four Winds Heroic",Al'Akir,,,,,,,
"Stormwake, the Tempest's Reach",68131,"Throne of the Four Winds Heroic",Al'Akir,,,,,,,
"Tempest Keeper Belt",65375,"Throne of the Four Winds Heroic","Conclave of Wind",,,,,,,
"Tempest Keeper Leggings",65385,"Throne of the Four Winds Heroic",Al'Akir,,,,,,,
"Thunder Wall Belt",65370,"Throne of the Four Winds Heroic","Conclave of Wind",,,,,,,
"Thunder Wall Greaves",65380,"Throne of the Four Winds Heroic",Al'Akir,,,,,,,
"Wind Stalker Belt",65371,"Throne of the Four Winds Heroic","Conclave of Wind",,,,,,,
"Wind Stalker Leggings",65381,"Throne of the Four Winds Heroic",Al'Akir,,,,,,,
"Helm of the Forlorn Conqueror",63683,"Throne of the Four Winds Normal",Al'Akir,,,,,,,
"Helm of the Forlorn Protector",63684,"Throne of the Four Winds Normal",Al'Akir,,,,,,,
"Helm of the Forlorn Vanquisher",63682,"Throne of the Four Winds Normal",Al'Akir,,,,,,,
"Mantle of the Forlorn Conqueror",64315,"Throne of the Four Winds Normal",Al'Akir,,,,,,,
"Mantle of the Forlorn Protector",64316,"Throne of the Four Winds Normal",Al'Akir,,,,,,,
"Mantle of the Forlorn Vanquisher",64314,"Throne of the Four Winds Normal",Al'Akir,,,,,,,
